Id,Prediction
17000,1
17001,1
17002,1
17003,1
17004,0
17005,0
17006,1
17007,0
17008,1
17009,1
17010,1
17011,0
17012,1
17013,1
17014,1
17015,1
17016,0
17017,0
17018,0
17019,0
17020,0
17021,1
17022,1
17023,1
17024,0
17025,1
17026,0
17027,1
17028,1
17029,1
17030,1
17031,1
17032,0
17033,1
17034,0
17035,1
17036,1
17037,0
17038,0
17039,1
17040,0
17041,1
17042,0
17043,1
17044,1
17045,0
17046,1
17047,0
17048,1
17049,0
17050,0
17051,0
17052,1
17053,1
17054,1
17055,0
17056,1
17057,1
17058,1
17059,1
17060,1
17061,0
17062,0
17063,1
17064,0
17065,0
17066,0
17067,1
17068,1
17069,1
17070,1
17071,0
17072,1
17073,1
17074,0
17075,0
17076,1
17077,1
17078,1
17079,0
17080,0
17081,1
17082,1
17083,0
17084,1
17085,1
17086,1
17087,1
17088,1
17089,0
17090,1
17091,1
17092,1
17093,1
17094,1
17095,0
17096,0
17097,0
17098,0
17099,1
17100,0
17101,1
17102,0
17103,0
17104,1
17105,1
17106,0
17107,0
17108,1
17109,1
17110,1
17111,1
17112,1
17113,1
17114,0
17115,1
17116,0
17117,1
17118,1
17119,0
17120,0
17121,1
17122,1
17123,1
17124,0
17125,1
17126,0
17127,0
17128,1
17129,1
17130,1
17131,1
17132,0
17133,0
17134,1
17135,1
17136,0
17137,1
17138,0
17139,1
17140,1
17141,0
17142,0
17143,0
17144,1
17145,0
17146,1
17147,0
17148,1
17149,0
17150,0
17151,0
17152,1
17153,1
17154,0
17155,1
17156,1
17157,1
17158,0
17159,0
17160,1
17161,0
17162,0
17163,1
17164,1
17165,1
17166,0
17167,1
17168,1
17169,1
17170,0
17171,0
17172,0
17173,0
17174,0
17175,1
17176,1
17177,0
17178,1
17179,1
17180,1
17181,0
17182,1
17183,1
17184,1
17185,0
17186,1
17187,0
17188,1
17189,1
17190,0
17191,1
17192,0
17193,1
17194,1
17195,1
17196,0
17197,1
17198,0
17199,1
17200,0
17201,1
17202,1
17203,1
17204,1
17205,1
17206,1
17207,1
17208,0
17209,1
17210,1
17211,0
17212,1
17213,1
17214,1
17215,0
17216,0
17217,1
17218,1
17219,0
17220,0
17221,0
17222,1
17223,1
17224,0
17225,1
17226,1
17227,0
17228,1
17229,0
17230,1
17231,1
17232,1
17233,0
17234,0
17235,1
17236,0
17237,1
17238,1
17239,1
17240,0
17241,1
17242,1
17243,0
17244,0
17245,1
17246,0
17247,0
17248,1
17249,1
17250,0
17251,0
17252,0
17253,1
17254,1
17255,1
17256,1
17257,0
17258,1
17259,1
17260,1
17261,0
17262,0
17263,0
17264,0
17265,0
17266,1
17267,1
17268,1
17269,1
17270,1
17271,1
17272,1
17273,1
17274,1
17275,0
17276,0
17277,1
17278,1
17279,1
17280,1
17281,0
17282,1
17283,0
17284,1
17285,0
17286,1
17287,1
17288,0
17289,0
17290,1
17291,1
17292,0
17293,1
17294,0
17295,0
17296,1
17297,0
17298,1
17299,1
17300,1
17301,0
17302,1
17303,0
17304,0
17305,0
17306,0
17307,1
17308,0
17309,0
17310,1
17311,1
17312,1
17313,0
17314,0
17315,0
17316,1
17317,1
17318,1
17319,1
17320,1
17321,1
17322,1
17323,1
17324,1
17325,1
17326,0
17327,0
17328,1
17329,0
17330,0
17331,1
17332,1
17333,1
17334,0
17335,1
17336,1
17337,1
17338,0
17339,0
17340,0
17341,1
17342,1
17343,0
17344,0
17345,0
17346,1
17347,0
17348,1
17349,0
17350,0
17351,0
17352,1
17353,0
17354,1
17355,1
17356,0
17357,1
17358,1
17359,1
17360,1
17361,1
17362,0
17363,1
17364,0
17365,1
17366,0
17367,1
17368,1
17369,0
17370,0
17371,1
17372,1
17373,1
17374,0
17375,0
17376,0
17377,0
17378,1
17379,1
17380,1
17381,1
17382,1
17383,1
17384,1
17385,0
17386,0
17387,1
17388,1
17389,1
17390,0
17391,0
17392,1
17393,0
17394,1
17395,1
17396,0
17397,0
17398,0
17399,1
17400,1
17401,1
17402,1
17403,0
17404,1
17405,1
17406,1
17407,1
17408,1
17409,0
17410,0
17411,1
17412,0
17413,1
17414,1
17415,0
17416,1
17417,1
17418,0
17419,1
17420,1
17421,1
17422,0
17423,1
17424,1
17425,1
17426,0
17427,1
17428,1
17429,0
17430,1
17431,1
17432,1
17433,0
17434,1
17435,1
17436,0
17437,1
17438,0
17439,0
17440,1
17441,0
17442,0
17443,0
17444,0
17445,0
17446,1
17447,1
17448,0
17449,1
17450,1
17451,1
17452,1
17453,1
17454,1
17455,1
17456,1
17457,1
17458,1
17459,1
17460,0
17461,0
17462,1
17463,1
17464,1
17465,1
17466,1
17467,0
17468,0
17469,1
17470,1
17471,1
17472,1
17473,1
17474,0
17475,1
17476,1
17477,1
17478,1
17479,1
17480,0
17481,0
17482,1
17483,0
17484,1
17485,1
17486,0
17487,1
17488,0
17489,0
17490,1
17491,1
17492,1
17493,1
17494,1
17495,1
17496,1
17497,1
17498,1
17499,1
17500,0
17501,1
17502,0
17503,0
17504,0
17505,1
17506,1
17507,0
17508,0
17509,1
17510,1
17511,0
17512,1
17513,1
17514,0
17515,0
17516,1
17517,0
17518,1
17519,1
17520,1
17521,0
17522,1
17523,1
17524,1
17525,1
17526,1
17527,1
17528,1
17529,0
17530,0
17531,1
17532,1
17533,1
17534,1
17535,0
17536,1
17537,0
17538,0
17539,1
17540,1
17541,1
17542,1
17543,1
17544,1
17545,0
17546,0
17547,0
17548,0
17549,0
17550,1
17551,1
17552,0
17553,0
17554,1
17555,0
17556,0
17557,1
17558,1
17559,1
17560,0
17561,1
17562,1
17563,0
17564,1
17565,1
17566,1
17567,1
17568,1
17569,1
17570,1
17571,0
17572,1
17573,0
17574,1
17575,0
17576,1
17577,0
17578,1
17579,0
17580,0
17581,1
17582,1
17583,1
17584,0
17585,1
17586,1
17587,1
17588,1
17589,1
17590,1
17591,1
17592,1
17593,1
18000,1
18001,0
18002,0
18003,0
18004,0
18005,1
18006,0
18007,0
18008,1
18009,0
18010,0
18011,0
18012,0
18013,1
18014,1
18015,0
18016,1
18017,1
18018,1
18019,1
18020,0
18021,0
18022,0
18023,0
18024,0
18025,1
18026,0
18027,0
18028,0
18029,0
18030,0
18031,1
18032,0
18033,0
18034,0
18035,1
18036,0
18037,0
18038,0
18039,0
18040,1
18041,0
18042,0
18043,0
18044,0
18045,0
18046,0
18047,1
18048,0
18049,0
18050,0
18051,0
18052,1
18053,1
18054,1
18055,0
18056,1
18057,0
18058,0
18059,1
18060,0
18061,0
18062,0
18063,0
18064,1
18065,0
18066,0
18067,0
18068,0
18069,0
18070,0
18071,0
18072,0
18073,0
18074,1
18075,1
18076,0
18077,0
18078,0
18079,0
18080,0
18081,0
18082,1
18083,0
18084,0
18085,0
18086,1
18087,0
18088,0
18089,0
18090,1
18091,0
18092,1
18093,0
18094,0
18095,0
18096,0
18097,1
18098,1
18099,0
18100,1
18101,0
18102,0
18103,1
18104,0
18105,0
18106,0
18107,0
18108,0
18109,0
18110,1
18111,1
18112,0
18113,0
18114,0
18115,0
18116,0
18117,0
18118,0
18119,0
18120,0
18121,0
18122,1
18123,0
18124,1
18125,1
18126,0
18127,0
18128,1
18129,0
18130,1
18131,0
18132,1
18133,1
18134,1
18135,1
18136,0
18137,0
18138,0
18139,1
18140,1
18141,0
18142,0
18143,0
18144,0
18145,0
18146,0
18147,0
18148,0
18149,1
18150,0
18151,1
18152,0
18153,0
18154,0
18155,0
18156,0
18157,0
18158,0
18159,0
18160,0
18161,0
18162,0
18163,1
18164,0
18165,0
18166,0
18167,0
18168,1
18169,1
18170,0
18171,1
18172,1
18173,1
18174,0
18175,1
18176,0
18177,0
18178,1
18179,1
18180,1
18181,1
18182,0
18183,0
18184,0
18185,0
18186,1
18187,0
18188,0
18189,0
18190,0
18191,0
18192,0
18193,0
18194,0
18195,1
18196,1
18197,0
18198,0
18199,0
18200,0
18201,1
18202,0
18203,1
18204,0
18205,0
18206,0
18207,0
18208,0
18209,1
18210,0
18211,0
18212,0
18213,0
18214,0
18215,0
18216,0
18217,0
18218,1
18219,0
18220,0
18221,0
18222,1
18223,0
18224,1
18225,0
18226,0
18227,1
18228,0
18229,0
18230,1
18231,0
18232,0
18233,0
18234,0
18235,0
18236,0
18237,0
18238,0
18239,0
18240,0
18241,1
18242,1
18243,0
18244,0
18245,0
18246,0
18247,1
18248,0
18249,0
18250,0
18251,1
18252,0
18253,0
18254,0
18255,0
18256,1
18257,1
18258,0
18259,0
18260,1
18261,1
18262,0
18263,0
18264,0
18265,0
18266,0
18267,0
18268,1
18269,1
18270,0
18271,1
18272,0
18273,0
18274,0
18275,0
18276,1
18277,1
18278,0
18279,1
18280,1
18281,0
18282,0
18283,0
18284,0
18285,1
18286,0
18287,0
18288,0
18289,0
18290,0
18291,0
18292,0
18293,1
18294,0
18295,1
18296,0
18297,0
18298,0
18299,0
18300,0
18301,0
18302,0
18303,0
18304,0
18305,0
18306,0
18307,0
18308,0
18309,0
18310,0
18311,1
18312,0
18313,0
18314,1
18315,1
18316,0
18317,0
18318,0
18319,1
18320,0
18321,1
18322,0
18323,0
18324,0
18325,0
18326,0
18327,0
18328,1
18329,0
18330,0
18331,1
18332,1
18333,0
18334,0
18335,0
18336,1
18337,0
18338,0
18339,1
18340,0
18341,1
18342,0
18343,1
18344,0
18345,1
18346,1
18347,1
18348,0
18349,0
18350,0
18351,0
18352,0
18353,0
18354,1
18355,0
18356,0
18357,0
18358,1
18359,1
18360,0
18361,1
18362,0
18363,0
18364,0
18365,0
18366,0
18367,0
18368,0
18369,0
18370,0
18371,1
18372,0
18373,0
18374,1
18375,1
18376,0
18377,0
18378,0
18379,1
18380,0
18381,0
18382,0
18383,0
18384,0
18385,0
18386,0
18387,0
18388,0
18389,1
18390,0
18391,0
18392,0
18393,0
18394,1
18395,0
18396,0
18397,0
18398,0
18399,0
18400,0
18401,1
18402,0
18403,0
18404,0
18405,1
18406,0
18407,0
18408,1
18409,0
18410,0
18411,0
18412,0
18413,1
18414,0
18415,1
18416,0
18417,1
18418,1
18419,0
18420,1
18421,0
18422,1
18423,0
18424,1
18425,1
18426,0
18427,0
18428,0
18429,0
18430,0
18431,1
18432,0
18433,1
18434,0
18435,0
18436,0
18437,0
18438,0
18439,0
18440,0
18441,1
18442,0
18443,0
18444,0
18445,0
18446,1
18447,0
18448,0
18449,0
18450,1
18451,0
18452,1
18453,0
18454,0
18455,0
18456,0
18457,0
18458,0
18459,0
18460,1
18461,0
18462,0
18463,0
18464,0
18465,0
18466,0
18467,1
18468,0
18469,1
18470,1
18471,1
18472,0
18473,0
18474,0
18475,0
18476,0
18477,1
18478,0
18479,0
18480,0
18481,0
18482,0
18483,0
18484,0
18485,0
18486,0
18487,0
18488,0
18489,1
18490,0
18491,0
18492,0
18493,0
18494,0
18495,0
18496,0
18497,0
18498,0
18499,0
18500,0
18501,0
18502,0
18503,1
18504,0
18505,0
18506,0
18507,0
18508,1
18509,0
18510,0
18511,0
18512,0
18513,0
18514,0
18515,1
18516,1
18517,0
18518,0
18519,1
18520,1
18521,0
18522,0
18523,0
18524,0
18525,0
18526,1
18527,0
18528,1
18529,0
18530,0
18531,0
18532,0
18533,0
18534,0
18535,0
18536,0
18537,1
18538,0
18539,0
18540,0
18541,0
18542,0
18543,1
18544,0
18545,0
18546,0
18547,0
18548,1
18549,1
18550,1
18551,0
18552,0
18553,0
18554,0
18555,0
18556,0
18557,0
18558,1
18559,0
18560,0
18561,0
18562,0
18563,1
18564,0
18565,0
18566,0
18567,0
18568,1
18569,1
18570,0
18571,1
18572,0
18573,0
18574,1
18575,0
18576,0
18577,1
18578,0
18579,0
18580,1
18581,1
18582,0
18583,1
19000,0
19001,1
19002,1
19003,0
19004,1
19005,1
19006,1
19007,1
19008,0
19009,0
19010,1
19011,1
19012,1
19013,1
19014,1
19015,0
19016,1
19017,1
19018,0
19019,1
19020,1
19021,1
19022,0
19023,1
19024,0
19025,0
19026,0
19027,1
19028,1
19029,0
19030,1
19031,0
19032,1
19033,1
19034,1
19035,1
19036,1
19037,1
19038,1
19039,1
19040,0
19041,1
19042,1
19043,1
19044,1
19045,1
19046,1
19047,1
19048,0
19049,1
19050,1
19051,1
19052,1
19053,1
19054,1
19055,0
19056,1
19057,1
19058,0
19059,1
19060,1
19061,1
19062,1
19063,1
19064,1
19065,1
19066,1
19067,1
19068,1
19069,0
19070,1
19071,0
19072,1
19073,0
19074,1
19075,1
19076,0
19077,0
19078,1
19079,1
19080,0
19081,1
19082,0
19083,1
19084,1
19085,1
19086,1
19087,1
19088,0
19089,1
19090,1
19091,0
19092,1
19093,1
19094,1
19095,1
19096,1
19097,1
19098,1
19099,1
19100,1
19101,1
19102,1
19103,1
19104,1
19105,1
19106,0
19107,1
19108,1
19109,1
19110,1
19111,1
19112,1
19113,1
19114,1
19115,1
19116,0
19117,0
19118,1
19119,1
19120,1
19121,1
19122,0
19123,1
19124,1
19125,0
19126,0
19127,1
19128,1
19129,1
19130,1
19131,0
19132,1
19133,1
19134,0
19135,1
19136,1
19137,1
19138,1
19139,1
19140,1
19141,1
19142,0
19143,1
19144,1
19145,0
19146,0
19147,1
19148,1
19149,1
19150,0
19151,1
19152,1
19153,1
19154,1
19155,1
19156,1
19157,1
19158,1
19159,1
19160,1
19161,0
19162,1
19163,0
19164,1
19165,1
19166,1
19167,1
19168,1
19169,0
19170,1
19171,1
19172,1
19173,1
19174,0
19175,0
19176,1
19177,1
19178,1
19179,1
19180,1
19181,0
19182,1
19183,1
19184,0
19185,0
19186,1
19187,1
19188,0
19189,0
19190,1
19191,0
19192,1
19193,0
19194,1
19195,1
19196,1
19197,1
19198,1
19199,1
19200,1
19201,1
19202,1
19203,1
19204,1
19205,1
19206,1
19207,1
19208,1
19209,1
19210,0
19211,0
19212,0
19213,0
19214,0
19215,1
19216,1
19217,1
19218,1
19219,1
19220,0
19221,1
19222,0
19223,1
19224,1
19225,1
19226,1
19227,0
19228,1
19229,1
19230,1
19231,1
19232,1
19233,0
19234,1
19235,0
19236,0
19237,1
19238,0
19239,1
19240,0
19241,1
19242,1
19243,1
19244,1
19245,1
19246,1
19247,1
19248,1
19249,1
19250,1
19251,0
19252,1
19253,1
19254,1
19255,1
19256,0
19257,1
19258,1
19259,0
19260,1
19261,1
19262,1
19263,1
19264,0
19265,1
19266,0
19267,1
19268,0
19269,0
19270,1
19271,0
19272,1
19273,1
19274,1
19275,1
19276,0
19277,0
19278,1
19279,0
19280,0
19281,1
19282,0
19283,1
19284,1
19285,1
19286,0
19287,1
19288,1
19289,1
19290,1
19291,1
19292,1
19293,1
19294,1
19295,1
19296,1
19297,0
19298,1
19299,1
19300,1
19301,1
19302,1
19303,0
19304,1
19305,1
19306,1
19307,1
19308,1
19309,0
19310,1
19311,1
19312,1
19313,0
19314,0
19315,1
19316,0
19317,1
19318,1
19319,0
19320,1
19321,1
19322,1
19323,0
19324,1
19325,1
19326,1
19327,1
19328,0
19329,1
19330,1
19331,1
19332,1
19333,1
19334,0
19335,1
19336,1
19337,1
19338,1
19339,1
19340,1
19341,1
19342,0
19343,0
19344,0
19345,1
19346,1
19347,1
19348,0
19349,1
19350,0
19351,1
19352,1
19353,1
19354,1
19355,1
19356,1
19357,0
19358,1
19359,0
19360,0
19361,1
19362,0
19363,1
19364,0
19365,1
19366,1
19367,1
19368,1
19369,1
19370,1
19371,1
19372,1
19373,1
19374,1
19375,1
19376,1
19377,0
19378,0
19379,1
19380,1
19381,0
19382,1
19383,1
19384,1
19385,1
19386,0
19387,1
19388,1
19389,1
19390,1
19391,1
19392,1
19393,0
19394,1
19395,1
19396,1
19397,0
19398,1
19399,0
19400,1
19401,1
19402,1
19403,1
19404,1
19405,1
19406,0
19407,1
19408,1
19409,1
19410,0
19411,1
19412,1
19413,1
19414,1
19415,1
19416,1
19417,1
19418,1
19419,1
19420,1
19421,1
19422,1
19423,1
19424,1
19425,1
19426,0
19427,1
19428,1
19429,1
19430,0
19431,1
19432,1
19433,0
19434,1
19435,1
19436,0
19437,1
19438,1
19439,1
19440,1
19441,1
19442,1
19443,1
19444,0
19445,1
19446,1
19447,1
19448,1
19449,1
19450,1
19451,1
19452,1
19453,0
19454,1
19455,1
19456,1
19457,1
19458,1
19459,0
19460,1
19461,1
19462,0
19463,1
19464,1
19465,0
19466,1
19467,1
19468,1
19469,0
19470,0
19471,1
19472,1
19473,0
19474,0
19475,1
19476,1
19477,1
19478,1
19479,1
19480,1
19481,0
19482,0
19483,1
19484,1
19485,1
19486,1
19487,1
19488,1
19489,1
19490,1
19491,1
19492,1
19493,0
19494,0
19495,1
19496,1
19497,1
19498,1
19499,1
19500,1
19501,1
19502,1
19503,1
19504,1
19505,1
19506,1
19507,0
19508,1
19509,1
19510,1
19511,0
19512,1
19513,1
19514,1
19515,1
19516,1
19517,1
19518,1
19519,1
19520,1
19521,1
19522,0
19523,1
19524,0
19525,1
19526,1
19527,1
19528,1
19529,1
19530,0
19531,1
19532,0
19533,1
19534,1
19535,0
19536,1
19537,1
19538,0
19539,1
19540,1
19541,0
19542,0
19543,1
19544,1
19545,1
19546,1
19547,1
19548,1
19549,0
19550,1
19551,1
19552,1
19553,0
19554,0
19555,1
19556,1
19557,1
19558,0
19559,0
19560,1
19561,1
19562,1
19563,1
19564,0
19565,1
19566,1
19567,1
19568,0
19569,0
19570,1
19571,0
19572,0
19573,0
19574,1
19575,1
19576,1
19577,1
19578,1
19579,1
19580,1
19581,1
19582,1
19583,1
19584,1
19585,0
20000,1
20001,1
20002,0
20003,1
20004,1
20005,1
20006,1
20007,0
20008,0
20009,1
20010,0
20011,1
20012,1
20013,0
20014,1
20015,0
20016,1
20017,0
20018,1
20019,0
20020,1
20021,1
20022,1
20023,1
20024,0
20025,0
20026,0
20027,0
20028,1
20029,0
20030,0
20031,1
20032,1
20033,1
20034,0
20035,1
20036,1
20037,0
20038,1
20039,0
20040,1
20041,1
20042,1
20043,0
20044,0
20045,0
20046,0
20047,1
20048,1
20049,0
20050,1
20051,1
20052,1
20053,1
20054,1
20055,1
20056,0
20057,0
20058,0
20059,1
20060,0
20061,0
20062,0
20063,0
20064,1
20065,0
20066,1
20067,1
20068,1
20069,0
20070,1
20071,0
20072,1
20073,1
20074,1
20075,1
20076,1
20077,1
20078,1
20079,1
20080,1
20081,1
20082,1
20083,0
20084,1
20085,0
20086,1
20087,1
20088,1
20089,0
20090,1
20091,0
20092,1
20093,0
20094,1
20095,1
20096,1
20097,0
20098,1
20099,1
20100,0
20101,0
20102,1
20103,1
20104,1
20105,1
20106,1
20107,1
20108,1
20109,1
20110,1
20111,0
20112,0
20113,0
20114,1
20115,1
20116,1
20117,1
20118,1
20119,0
20120,1
20121,1
20122,1
20123,0
20124,1
20125,1
20126,1
20127,1
20128,1
20129,1
20130,1
20131,1
20132,0
20133,1
20134,1
20135,1
20136,1
20137,1
20138,1
20139,1
20140,1
20141,0
20142,1
20143,0
20144,1
20145,0
20146,0
20147,1
20148,1
20149,1
20150,1
20151,1
20152,1
20153,0
20154,1
20155,1
20156,1
20157,0
20158,1
20159,1
20160,0
20161,1
20162,0
20163,1
20164,0
20165,1
20166,1
20167,1
20168,0
20169,1
20170,1
20171,1
20172,1
20173,1
20174,1
20175,0
20176,1
20177,1
20178,1
20179,1
20180,0
20181,0
20182,0
20183,0
20184,0
20185,0
20186,1
20187,0
20188,1
20189,0
20190,1
20191,1
20192,1
20193,1
20194,1
20195,1
20196,1
20197,0
20198,1
20199,1
20200,0
20201,1
20202,1
20203,1
20204,0
20205,1
20206,1
20207,1
20208,0
20209,1
20210,1
20211,1
20212,1
20213,0
20214,0
20215,1
20216,1
20217,0
20218,0
20219,1
20220,0
20221,1
20222,1
20223,0
20224,1
20225,1
20226,1
20227,1
20228,1
20229,1
20230,1
20231,0
20232,1
20233,0
20234,1
20235,1
20236,1
20237,1
20238,1
20239,0
20240,0
20241,1
20242,1
20243,0
20244,0
20245,1
20246,0
20247,1
20248,1
20249,1
20250,0
20251,1
20252,1
20253,1
20254,1
20255,1
20256,0
20257,1
20258,1
20259,1
20260,0
20261,1
20262,1
20263,0
20264,0
20265,0
20266,0
20267,1
20268,1
20269,1
20270,1
20271,0
20272,1
20273,1
20274,1
20275,1
20276,1
20277,1
20278,0
20279,1
20280,0
20281,1
20282,1
20283,1
20284,1
20285,1
20286,0
20287,1
20288,1
20289,1
20290,1
20291,1
20292,1
20293,1
20294,0
20295,1
20296,0
20297,1
20298,1
20299,0
20300,1
20301,0
20302,1
20303,1
20304,1
20305,1
20306,1
20307,1
20308,1
20309,1
20310,1
20311,1
20312,1
20313,1
20314,0
20315,1
20316,1
20317,1
20318,1
20319,0
20320,1
20321,1
20322,1
20323,0
20324,1
20325,1
20326,1
20327,1
20328,1
20329,1
20330,1
20331,1
20332,0
20333,1
20334,1
20335,1
20336,1
20337,1
20338,1
20339,1
20340,1
20341,1
20342,1
20343,1
20344,1
20345,0
20346,1
20347,0
20348,1
20349,1
20350,1
20351,1
20352,0
20353,1
20354,1
20355,1
20356,1
20357,0
20358,1
20359,0
20360,1
20361,1
20362,0
20363,1
20364,1
20365,1
20366,0
20367,1
20368,1
20369,1
20370,0
20371,0
20372,1
20373,1
20374,1
20375,0
20376,1
20377,1
20378,1
20379,1
20380,1
20381,1
20382,1
20383,0
20384,1
20385,1
20386,1
20387,1
20388,1
20389,1
20390,1
20391,0
20392,1
20393,1
20394,1
20395,0
20396,1
20397,1
20398,1
20399,1
20400,1
20401,0
20402,0
20403,1
20404,0
20405,0
20406,1
20407,1
20408,1
20409,1
20410,1
20411,1
20412,1
20413,1
20414,1
20415,1
20416,1
20417,0
20418,1
20419,1
20420,0
20421,1
20422,1
20423,1
20424,1
20425,1
20426,0
20427,1
20428,1
20429,1
20430,1
20431,1
20432,0
20433,1
20434,1
20435,1
20436,1
20437,1
20438,1
20439,1
20440,0
20441,1
20442,1
20443,1
20444,1
20445,1
20446,0
20447,0
20448,0
20449,0
20450,1
20451,1
20452,1
20453,1
20454,1
20455,0
20456,0
20457,0
20458,1
20459,1
20460,1
20461,1
20462,0
20463,0
20464,1
20465,1
20466,0
20467,1
20468,0
20469,0
20470,1
20471,1
20472,1
20473,0
20474,1
20475,1
20476,0
20477,0
20478,0
20479,0
20480,1
20481,0
20482,0
20483,1
20484,1
20485,0
20486,1
20487,1
20488,1
20489,1
20490,1
20491,0
20492,1
20493,1
20494,0
20495,0
20496,1
20497,0
20498,1
20499,0
20500,1
20501,1
20502,1
20503,1
20504,1
20505,0
20506,0
20507,1
20508,0
20509,1
20510,0
20511,0
20512,1
20513,1
20514,0
20515,0
20516,1
20517,0
20518,1
20519,1
20520,0
20521,1
20522,1
20523,1
20524,0
20525,1
20526,1
20527,1
20528,1
20529,1
20530,0
20531,1
20532,1
20533,1
20534,1
20535,0
20536,1
20537,1
20538,1
20539,1
20540,0
20541,0
20542,0
20543,1
20544,1
20545,1
20546,1
20547,1
20548,0
20549,1
20550,1
20551,1
20552,1
20553,1
20554,1
20555,1
20556,1
20557,1
20558,1
20559,0
20560,1
20561,0
20562,1
20563,0
20564,0
20565,0
20566,1
20567,1
20568,1
20569,1
20570,1
20571,1
20572,1
20573,1
20574,0
20575,1
20576,0
20577,1
20578,1
20579,1
20580,1
20581,1
20582,1
20583,1
21000,0
21001,0
21002,0
21003,1
21004,1
21005,1
21006,1
21007,0
21008,0
21009,1
21010,0
21011,0
21012,0
21013,0
21014,0
21015,1
21016,0
21017,0
21018,0
21019,0
21020,1
21021,1
21022,1
21023,0
21024,1
21025,1
21026,0
21027,0
21028,0
21029,0
21030,0
21031,1
21032,0
21033,1
21034,1
21035,0
21036,1
21037,0
21038,0
21039,0
21040,1
21041,1
21042,1
21043,1
21044,0
21045,1
21046,1
21047,0
21048,0
21049,1
21050,1
21051,0
21052,0
21053,1
21054,0
21055,1
21056,0
21057,0
21058,0
21059,1
21060,0
21061,0
21062,0
21063,1
21064,0
21065,0
21066,0
21067,1
21068,0
21069,0
21070,1
21071,1
21072,0
21073,1
21074,0
21075,0
21076,0
21077,0
21078,0
21079,0
21080,0
21081,0
21082,0
21083,0
21084,0
21085,0
21086,1
21087,1
21088,0
21089,1
21090,0
21091,0
21092,1
21093,0
21094,0
21095,0
21096,0
21097,0
21098,0
21099,0
21100,1
21101,1
21102,1
21103,0
21104,0
21105,1
21106,1
21107,1
21108,0
21109,0
21110,0
21111,0
21112,1
21113,0
21114,1
21115,1
21116,1
21117,0
21118,1
21119,0
21120,0
21121,0
21122,1
21123,0
21124,0
21125,0
21126,1
21127,1
21128,0
21129,0
21130,1
21131,0
21132,0
21133,0
21134,0
21135,1
21136,0
21137,0
21138,0
21139,0
21140,0
21141,0
21142,0
21143,1
21144,0
21145,0
21146,0
21147,1
21148,1
21149,0
21150,1
21151,1
21152,0
21153,0
21154,1
21155,0
21156,0
21157,1
21158,1
21159,0
21160,1
21161,1
21162,0
21163,1
21164,1
21165,0
21166,0
21167,0
21168,1
21169,0
21170,0
21171,0
21172,0
21173,1
21174,1
21175,0
21176,0
21177,1
21178,1
21179,0
21180,0
21181,0
21182,0
21183,1
21184,0
21185,0
21186,0
21187,0
21188,0
21189,0
21190,0
21191,0
21192,1
21193,0
21194,1
21195,0
21196,0
21197,1
21198,1
21199,0
21200,0
21201,1
21202,1
21203,1
21204,1
21205,0
21206,0
21207,0
21208,0
21209,0
21210,0
21211,0
21212,1
21213,0
21214,0
21215,1
21216,0
21217,0
21218,1
21219,0
21220,0
21221,0
21222,0
21223,0
21224,0
21225,1
21226,0
21227,0
21228,0
21229,0
21230,0
21231,0
21232,0
21233,0
21234,1
21235,0
21236,0
21237,1
21238,0
21239,1
21240,0
21241,0
21242,0
21243,0
21244,0
21245,0
21246,0
21247,0
21248,1
21249,1
21250,1
21251,0
21252,1
21253,0
21254,0
21255,1
21256,1
21257,0
21258,1
21259,0
21260,0
21261,0
21262,0
21263,1
21264,0
21265,1
21266,0
21267,1
21268,1
21269,0
21270,1
21271,1
21272,1
21273,0
21274,1
21275,0
21276,1
21277,0
21278,1
21279,1
21280,0
21281,0
21282,0
21283,0
21284,1
21285,0
21286,1
21287,0
21288,0
21289,1
21290,1
21291,0
21292,0
21293,1
21294,1
21295,1
21296,0
21297,0
21298,1
21299,0
21300,1
21301,0
21302,0
21303,0
21304,1
21305,0
21306,0
21307,0
21308,0
21309,1
21310,0
21311,1
21312,0
21313,0
21314,0
21315,0
21316,0
21317,0
21318,0
21319,0
21320,1
21321,1
21322,1
21323,0
21324,0
21325,0
21326,0
21327,1
21328,0
21329,1
21330,1
21331,0
21332,0
21333,0
21334,1
21335,1
21336,1
21337,0
21338,1
21339,1
21340,0
21341,1
21342,0
21343,0
21344,0
21345,0
21346,0
21347,0
21348,0
21349,0
21350,1
21351,0
21352,0
21353,0
21354,0
21355,0
21356,0
21357,1
21358,1
21359,1
21360,0
21361,0
21362,0
21363,0
21364,0
21365,0
21366,0
21367,0
21368,1
21369,1
21370,1
21371,1
21372,1
21373,1
21374,1
21375,0
21376,0
21377,0
21378,1
21379,0
21380,1
21381,0
21382,1
21383,0
21384,0
21385,1
21386,0
21387,1
21388,1
21389,0
21390,0
21391,0
21392,1
21393,1
21394,0
21395,0
21396,1
21397,0
21398,1
21399,0
21400,1
21401,0
21402,1
21403,0
21404,0
21405,0
21406,0
21407,0
21408,1
21409,1
21410,0
21411,1
21412,1
21413,1
21414,0
21415,0
21416,1
21417,1
21418,1
21419,1
21420,0
21421,0
21422,1
21423,0
21424,1
21425,0
21426,0
21427,0
21428,1
21429,0
21430,0
21431,0
21432,0
21433,0
21434,0
21435,1
21436,0
21437,1
21438,0
21439,0
21440,1
21441,1
21442,0
21443,1
21444,1
21445,1
21446,0
21447,1
21448,0
21449,0
21450,0
21451,0
21452,1
21453,0
21454,1
21455,1
21456,0
21457,0
21458,0
21459,1
21460,0
21461,0
21462,0
21463,1
21464,1
21465,0
21466,0
21467,0
21468,0
21469,1
21470,0
21471,0
21472,0
21473,0
21474,0
21475,0
21476,1
21477,0
21478,0
21479,0
21480,0
21481,1
21482,1
21483,1
21484,1
21485,1
21486,0
21487,0
21488,0
21489,0
21490,1
21491,0
21492,1
21493,1
21494,0
21495,1
21496,0
21497,1
21498,0
21499,0
21500,1
21501,1
21502,0
21503,0
21504,0
21505,0
21506,0
21507,1
21508,0
21509,0
21510,1
21511,1
21512,0
21513,0
21514,0
21515,0
21516,0
21517,0
21518,0
21519,0
21520,0
21521,1
21522,0
21523,1
21524,1
21525,0
21526,0
21527,0
21528,1
21529,0
21530,0
21531,0
22000,0
22001,1
22002,1
22003,1
22004,1
22005,1
22006,1
22007,0
22008,1
22009,1
22010,0
22011,0
22012,1
22013,1
22014,0
22015,1
22016,1
22017,0
22018,1
22019,1
22020,0
22021,1
22022,1
22023,1
22024,1
22025,0
22026,1
22027,0
22028,1
22029,0
22030,0
22031,0
22032,1
22033,0
22034,0
22035,0
22036,1
22037,0
22038,1
22039,1
22040,0
22041,0
22042,1
22043,0
22044,1
22045,0
22046,1
22047,0
22048,1
22049,0
22050,1
22051,1
22052,1
22053,1
22054,1
22055,1
22056,0
22057,0
22058,0
22059,1
22060,1
22061,0
22062,0
22063,1
22064,0
22065,1
22066,1
22067,1
22068,1
22069,1
22070,1
22071,1
22072,1
22073,1
22074,1
22075,1
22076,1
22077,1
22078,0
22079,0
22080,1
22081,0
22082,0
22083,1
22084,0
22085,1
22086,1
22087,1
22088,1
22089,1
22090,1
22091,1
22092,1
22093,0
22094,0
22095,1
22096,1
22097,1
22098,0
22099,1
22100,1
22101,1
22102,0
22103,0
22104,0
22105,1
22106,0
22107,0
22108,1
22109,0
22110,1
22111,1
22112,1
22113,1
22114,1
22115,1
22116,1
22117,0
22118,1
22119,1
22120,1
22121,0
22122,0
22123,1
22124,1
22125,1
22126,1
22127,1
22128,0
22129,0
22130,1
22131,0
22132,0
22133,0
22134,1
22135,1
22136,1
22137,0
22138,1
22139,0
22140,0
22141,0
22142,1
22143,1
22144,0
22145,0
22146,0
22147,0
22148,0
22149,0
22150,0
22151,0
22152,1
22153,1
22154,0
22155,0
22156,1
22157,0
22158,0
22159,1
22160,1
22161,0
22162,0
22163,1
22164,1
22165,0
22166,0
22167,1
22168,1
22169,1
22170,0
22171,0
22172,1
22173,0
22174,1
22175,1
22176,1
22177,1
22178,1
22179,0
22180,1
22181,1
22182,1
22183,1
22184,1
22185,1
22186,1
22187,0
22188,0
22189,1
22190,1
22191,1
22192,1
22193,1
22194,1
22195,1
22196,1
22197,0
22198,1
22199,1
22200,1
22201,0
22202,1
22203,0
22204,0
22205,1
22206,1
22207,0
22208,0
22209,1
22210,0
22211,1
22212,1
22213,1
22214,0
22215,1
22216,0
22217,0
22218,1
22219,0
22220,1
22221,0
22222,0
22223,1
22224,1
22225,1
22226,0
22227,0
22228,1
22229,0
22230,1
22231,0
22232,0
22233,1
22234,0
22235,1
22236,0
22237,0
22238,0
22239,1
22240,0
22241,1
22242,1
22243,1
22244,0
22245,1
22246,1
22247,0
22248,0
22249,0
22250,0
22251,1
22252,0
22253,0
22254,1
22255,1
22256,1
22257,1
22258,1
22259,1
22260,1
22261,1
22262,1
22263,0
22264,0
22265,0
22266,0
22267,1
22268,0
22269,1
22270,1
22271,0
22272,0
22273,0
22274,1
22275,1
22276,0
22277,1
22278,0
22279,1
22280,1
22281,1
22282,1
22283,1
22284,0
22285,1
22286,0
22287,1
22288,0
22289,1
22290,1
22291,1
22292,0
22293,0
22294,1
22295,1
22296,0
22297,0
22298,1
22299,1
22300,0
22301,1
22302,0
22303,1
22304,1
22305,1
22306,1
22307,0
22308,1
22309,0
22310,1
22311,1
22312,1
22313,0
22314,0
22315,1
22316,0
22317,0
22318,0
22319,1
22320,0
22321,1
22322,1
22323,0
22324,0
22325,0
22326,1
22327,0
22328,0
22329,0
22330,0
22331,1
22332,1
22333,0
22334,0
22335,0
22336,0
22337,1
22338,1
22339,0
22340,1
22341,0
22342,1
22343,1
22344,0
22345,1
22346,1
22347,0
22348,0
22349,1
22350,0
22351,0
22352,1
22353,0
22354,1
22355,1
22356,0
22357,1
22358,1
22359,0
22360,1
22361,1
22362,1
22363,0
22364,1
22365,0
22366,0
22367,0
22368,0
22369,1
22370,1
22371,1
22372,1
22373,0
22374,1
22375,1
22376,1
22377,0
22378,0
22379,1
22380,0
22381,0
22382,1
22383,1
22384,1
22385,1
22386,0
22387,0
22388,1
22389,0
22390,1
22391,1
22392,1
22393,0
22394,0
22395,0
22396,0
22397,1
22398,0
22399,0
22400,1
22401,1
22402,1
22403,1
22404,0
22405,0
22406,1
22407,0
22408,1
22409,0
22410,0
22411,1
22412,1
22413,0
22414,1
22415,1
22416,0
22417,0
22418,1
22419,0
22420,1
22421,1
22422,0
22423,0
22424,1
22425,0
22426,0
22427,1
22428,0
22429,1
22430,1
22431,1
22432,1
22433,1
22434,0
22435,1
22436,1
22437,1
22438,0
22439,1
22440,1
22441,1
22442,1
22443,1
22444,0
22445,0
22446,0
22447,1
22448,0
22449,0
22450,1
22451,0
22452,0
22453,1
22454,1
22455,1
22456,1
22457,0
22458,1
22459,0
22460,0
22461,0
22462,1
22463,1
22464,1
22465,1
22466,1
22467,0
22468,1
22469,1
22470,1
22471,0
22472,1
22473,0
22474,1
22475,1
22476,0
22477,0
22478,0
22479,1
22480,1
22481,1
22482,1
22483,1
22484,1
22485,1
22486,1
22487,1
22488,1
22489,0
22490,0
22491,1
22492,1
22493,0
22494,1
22495,1
22496,1
22497,1
22498,1
22499,0
22500,1
22501,0
22502,0
22503,1
22504,1
22505,1
22506,0
22507,1
22508,0
22509,1
22510,1
22511,1
22512,1
22513,0
22514,1
22515,1
22516,0
22517,1
22518,0
22519,0
22520,0
22521,1
22522,1
22523,1
22524,1
22525,1
22526,0
22527,1
22528,0
22529,1
22530,1
22531,1
22532,1
22533,1
22534,0
22535,1
22536,1
22537,1
22538,0
22539,0
22540,0
22541,0
22542,1
22543,0
22544,0
22545,0
22546,0
22547,1
22548,1
22549,0
22550,1
22551,0
22552,0
22553,1
22554,1
22555,1
22556,1
22557,0
22558,1
22559,1
22560,0
22561,0
22562,1
22563,1
22564,1
22565,1
22566,0
22567,0
22568,1
22569,0
22570,1
22571,0
22572,0
22573,1
22574,0
22575,0
22576,0
22577,0
22578,1
22579,1
22580,1
22581,0
22582,0
22583,1
22584,1
22585,0
22586,1
22587,1
23000,0
23001,1
23002,0
23003,1
23004,1
23005,0
23006,0
23007,0
23008,0
23009,0
23010,0
23011,0
23012,0
23013,0
23014,0
23015,0
23016,0
23017,0
23018,1
23019,0
23020,1
23021,0
23022,1
23023,0
23024,1
23025,0
23026,1
23027,1
23028,1
23029,1
23030,0
23031,0
23032,1
23033,1
23034,1
23035,0
23036,0
23037,0
23038,0
23039,0
23040,0
23041,0
23042,1
23043,0
23044,1
23045,1
23046,0
23047,0
23048,1
23049,0
23050,0
23051,0
23052,0
23053,0
23054,0
23055,1
23056,0
23057,0
23058,0
23059,1
23060,0
23061,1
23062,1
23063,0
23064,1
23065,0
23066,0
23067,0
23068,0
23069,0
23070,0
23071,0
23072,0
23073,0
23074,1
23075,1
23076,0
23077,0
23078,0
23079,0
23080,0
23081,0
23082,0
23083,0
23084,1
23085,1
23086,0
23087,0
23088,0
23089,1
23090,1
23091,1
23092,1
23093,0
23094,1
23095,0
23096,1
23097,0
23098,0
23099,0
23100,0
23101,0
23102,0
23103,0
23104,0
23105,1
23106,0
23107,0
23108,0
23109,0
23110,1
23111,1
23112,0
23113,0
23114,1
23115,0
23116,1
23117,1
23118,0
23119,0
23120,1
23121,0
23122,0
23123,1
23124,1
23125,1
23126,1
23127,1
23128,0
23129,0
23130,1
23131,1
23132,0
23133,0
23134,0
23135,1
23136,0
23137,0
23138,1
23139,1
23140,0
23141,0
23142,1
23143,0
23144,0
23145,0
23146,0
23147,1
23148,0
23149,0
23150,0
23151,0
23152,0
23153,0
23154,0
23155,0
23156,0
23157,0
23158,0
23159,0
23160,1
23161,0
23162,0
23163,0
23164,0
23165,0
23166,0
23167,0
23168,1
23169,1
23170,0
23171,0
23172,1
23173,0
23174,1
23175,0
23176,1
23177,1
23178,0
23179,1
23180,1
23181,0
23182,0
23183,1
23184,1
23185,0
23186,0
23187,0
23188,0
23189,0
23190,0
23191,0
23192,1
23193,0
23194,1
23195,0
23196,1
23197,0
23198,0
23199,1
23200,0
23201,0
23202,0
23203,0
23204,1
23205,0
23206,0
23207,1
23208,0
23209,0
23210,1
23211,0
23212,1
23213,0
23214,0
23215,0
23216,0
23217,0
23218,0
23219,0
23220,0
23221,0
23222,0
23223,1
23224,0
23225,0
23226,1
23227,0
23228,0
23229,1
23230,0
23231,1
23232,0
23233,0
23234,0
23235,1
23236,1
23237,0
23238,0
23239,0
23240,0
23241,0
23242,0
23243,1
23244,0
23245,0
23246,0
23247,1
23248,0
23249,1
23250,1
23251,0
23252,1
23253,0
23254,1
23255,0
23256,0
23257,1
23258,0
23259,1
23260,0
23261,1
23262,1
23263,1
23264,0
23265,1
23266,0
23267,1
23268,0
23269,0
23270,0
23271,0
23272,0
23273,0
23274,1
23275,1
23276,0
23277,0
23278,0
23279,1
23280,1
23281,0
23282,1
23283,0
23284,0
23285,0
23286,0
23287,0
23288,0
23289,0
23290,1
23291,0
23292,0
23293,0
23294,0
23295,1
23296,0
23297,1
23298,0
23299,0
23300,1
23301,1
23302,0
23303,0
23304,0
23305,0
23306,0
23307,0
23308,1
23309,1
23310,0
23311,1
23312,1
23313,0
23314,0
23315,0
23316,0
23317,0
23318,1
23319,0
23320,0
23321,1
23322,0
23323,0
23324,1
23325,0
23326,1
23327,0
23328,0
23329,0
23330,1
23331,0
23332,1
23333,0
23334,0
23335,0
23336,0
23337,1
23338,0
23339,1
23340,0
23341,1
23342,0
23343,0
23344,0
23345,0
23346,1
23347,0
23348,0
23349,1
23350,0
23351,0
23352,0
23353,0
23354,0
23355,0
23356,0
23357,0
23358,0
23359,0
23360,1
23361,1
23362,1
23363,1
23364,0
23365,0
23366,0
23367,0
23368,1
23369,0
23370,0
23371,0
23372,0
23373,0
23374,1
23375,0
23376,1
23377,0
23378,1
23379,0
23380,0
23381,1
23382,0
23383,1
23384,0
23385,0
23386,0
23387,0
23388,0
23389,0
23390,0
23391,1
23392,1
23393,1
23394,0
23395,0
23396,0
23397,0
23398,1
23399,0
23400,1
23401,0
23402,1
23403,0
23404,0
23405,1
23406,0
23407,0
23408,0
23409,0
23410,1
23411,0
23412,0
23413,0
23414,0
23415,1
23416,0
23417,0
23418,1
23419,1
23420,0
23421,0
23422,1
23423,1
23424,1
23425,0
23426,1
23427,1
23428,0
23429,1
23430,1
23431,0
23432,0
23433,0
23434,0
23435,0
23436,0
23437,1
23438,0
23439,0
23440,1
23441,0
23442,0
23443,1
23444,0
23445,0
23446,0
23447,1
23448,0
23449,0
23450,0
23451,0
23452,0
23453,0
23454,0
23455,1
23456,0
23457,1
23458,1
23459,0
23460,0
23461,1
23462,1
23463,0
23464,0
23465,0
23466,1
23467,0
23468,0
23469,1
23470,0
23471,0
23472,1
23473,1
23474,1
23475,0
23476,1
23477,1
23478,0
23479,0
23480,1
23481,0
23482,0
23483,0
23484,1
23485,0
23486,0
23487,0
23488,0
23489,0
23490,0
23491,0
23492,0
23493,0
23494,0
23495,1
23496,1
23497,0
23498,0
23499,0
23500,1
23501,0
23502,0
23503,0
23504,0
23505,0
23506,1
23507,1
23508,0
23509,1
23510,0
23511,1
23512,1
23513,1
23514,0
23515,1
23516,1
23517,0
23518,0
23519,0
23520,0
23521,0
23522,1
23523,0
23524,0
23525,0
23526,1
23527,0
23528,0
23529,1
23530,0
23531,0
23532,0
23533,0
23534,0
23535,0
23536,0
23537,1
23538,0
23539,0
23540,0
23541,0
23542,1
23543,0
23544,0
23545,0
23546,1
23547,1
23548,0
23549,1
23550,0
23551,0
23552,1
23553,0
23554,1
23555,0
23556,1
23557,0
23558,0
23559,1
23560,0
23561,0
23562,0
23563,1
23564,0
23565,0
23566,1
23567,0
23568,1
23569,0
23570,0
23571,1
23572,0
23573,1
23574,1
23575,1
23576,1
23577,0
23578,0
23579,0
23580,1
23581,1
23582,0
23583,1
23584,0
23585,0
23586,1
23587,1
23588,0
23589,0
